{"id":63778,"playlist_id":16996,"title":"Physics of Sailing","type":"h5p","content":"place_holder","shared":true,"order":2,"created_at":"2022-08-03T20:19:50.000000Z","updated_at":"2022-08-03T20:19:50.000000Z","deleted_at":null,"is_public":false,"h5p_content_id":56624,"thumb_url":"https:\/\/images.pexels.com\/photos\/37859\/sailing-ship-vessel-boat-sea-37859.jpeg?auto=compress&cs=tinysrgb&dpr=1&fit=crop&h=200&w=280","subject_id":"Science","education_level_id":"Grades 11-12 (Ages 16-18)","elasticsearch":false,"user_id":null,"organization_id":null,"description":null,"source_type":null,"source_url":null,"organization_visibility_type_id":null,"cloned_from":null,"clone_ctr":0,"status":1,"indexing":null,"original_user":null,"activity_type":"ACTIVITY"}