{"id":56614,"created_at":null,"updated_at":null,"user_id":921,"title":"Dialogue","library_id":34,"parameters":"{\"mode\":\"normal\",\"description\":\"\",\"dialogs\":[{\"tips\":{},\"text\":\"<p>They Answer is Yes<\\\/p>\\n\",\"answer\":\"<p>Yes<\\\/p>\\n\"}],\"behaviour\":{\"enableRetry\":true,\"disableBackwardsNavigation\":false,\"scaleTextNotCard\":false,\"randomCards\":false,\"maxProficiency\":5,\"quickProgression\":false},\"answer\":\"Turn\",\"next\":\"Next\",\"prev\":\"Previous\",\"retry\":\"Retry\",\"correctAnswer\":\"I got it right!\",\"incorrectAnswer\":\"I got it wrong\",\"round\":\"Round @round\",\"cardsLeft\":\"Cards left: @number\",\"nextRound\":\"Proceed to round @round\",\"startOver\":\"Start over\",\"showSummary\":\"Next\",\"summary\":\"Summary\",\"summaryCardsRight\":\"Cards you got right:\",\"summaryCardsWrong\":\"Cards you got wrong:\",\"summaryCardsNotShown\":\"Cards in pool not shown:\",\"summaryOverallScore\":\"Overall Score\",\"summaryCardsCompleted\":\"Cards you have completed learning:\",\"summaryCompletedRounds\":\"Completed rounds:\",\"summaryAllDone\":\"Well done! You got all @cards cards correct @max times in a row!\",\"progressText\":\"Card @card of @total\",\"cardFrontLabel\":\"Card front\",\"cardBackLabel\":\"Card back\",\"tipButtonLabel\":\"Show tip\",\"audioNotSupported\":\"Your browser does not support this audio\",\"confirmStartingOver\":{\"header\":\"Start over?\",\"body\":\"All progress will be lost. Are you sure you want to start over?\",\"cancelLabel\":\"Cancel\",\"confirmLabel\":\"Start over\"},\"title\":\"<p>Dialogue HEader 1<\\\/p>\\n\"}","filtered":"{\"mode\":\"normal\",\"description\":\"\",\"dialogs\":[{\"tips\":{},\"text\":\"<p>They Answer is Yes<\\\/p>\\n\",\"answer\":\"<p>Yes<\\\/p>\\n\"}],\"behaviour\":{\"enableRetry\":true,\"disableBackwardsNavigation\":false,\"scaleTextNotCard\":false,\"randomCards\":false,\"maxProficiency\":5,\"quickProgression\":false},\"answer\":\"Turn\",\"next\":\"Next\",\"prev\":\"Previous\",\"retry\":\"Retry\",\"correctAnswer\":\"I got it right!\",\"incorrectAnswer\":\"I got it wrong\",\"round\":\"Round @round\",\"cardsLeft\":\"Cards left: @number\",\"nextRound\":\"Proceed to round @round\",\"startOver\":\"Start over\",\"showSummary\":\"Next\",\"summary\":\"Summary\",\"summaryCardsRight\":\"Cards you got right:\",\"summaryCardsWrong\":\"Cards you got wrong:\",\"summaryCardsNotShown\":\"Cards in pool not shown:\",\"summaryOverallScore\":\"Overall Score\",\"summaryCardsCompleted\":\"Cards you have completed learning:\",\"summaryCompletedRounds\":\"Completed rounds:\",\"summaryAllDone\":\"Well done! You got all @cards cards correct @max times in a row!\",\"progressText\":\"Card @card of @total\",\"cardFrontLabel\":\"Card front\",\"cardBackLabel\":\"Card back\",\"tipButtonLabel\":\"Show tip\",\"audioNotSupported\":\"Your browser does not support this audio\",\"confirmStartingOver\":{\"header\":\"Start over?\",\"body\":\"All progress will be lost. Are you sure you want to start over?\",\"cancelLabel\":\"Cancel\",\"confirmLabel\":\"Start over\"},\"title\":\"<p>Dialogue HEader 1<\\\/p>\\n\"}","slug":"dialogue","embed_type":"div","disable":9,"content_type":null,"authors":null,"source":null,"year_from":null,"year_to":null,"license":"U","license_version":null,"license_extras":null,"author_comments":null,"changes":null,"default_language":null,"library_title":"H5P.Dialogcards","library_major_version":1,"library_minor_version":8}