{"id":56623,"created_at":null,"updated_at":null,"user_id":921,"title":"Drag and Drop","library_id":19,"parameters":"{\"scoreShow\":\"Check\",\"tryAgain\":\"Retry\",\"scoreExplanation\":\"Correct answers give +1 point. Incorrect answers give -1 point. The lowest possible score is 0.\",\"question\":{\"settings\":{\"size\":{\"width\":1024,\"height\":650},\"background\":{\"path\":\"images\\\/background-5efca9681136d.jpg\",\"mime\":\"image\\\/jpeg\",\"copyright\":{\"license\":\"U\"},\"width\":1024,\"height\":650}},\"task\":{\"elements\":[{\"x\":21.645021645021647,\"y\":1.3636363636363635,\"width\":7.5131308513708515,\"height\":7.5131308513708515,\"dropZones\":[\"0\",\"1\",\"2\",\"3\",\"4\",\"5\"],\"type\":{\"library\":\"H5P.Image 1.1\",\"params\":{\"contentName\":\"Image\",\"file\":{\"path\":\"images\\\/file-5efcc9e10e04a.jpg\",\"mime\":\"image\\\/jpeg\",\"copyright\":{\"license\":\"U\"},\"width\":125,\"height\":125},\"alt\":\"Mount Rainier\"},\"subContentId\":\"84734e9e-d58b-4afb-8c37-140fad228521\",\"metadata\":{\"contentType\":\"Image\",\"license\":\"U\",\"title\":\"Mount Rainier\"}},\"backgroundOpacity\":100,\"multiple\":false},{\"x\":50.505050505050505,\"y\":1.1363636363636362,\"width\":7.5131308513708515,\"height\":7.5131308513708515,\"dropZones\":[\"1\",\"0\",\"2\",\"3\",\"4\",\"5\"],\"type\":{\"library\":\"H5P.Image 1.1\",\"params\":{\"contentName\":\"Image\",\"alt\":\"Statue of Liberty\",\"file\":{\"path\":\"images\\\/file-5efcc77ce52b8.jpg\",\"mime\":\"image\\\/jpeg\",\"copyright\":{\"license\":\"U\"},\"width\":125,\"height\":125}},\"subContentId\":\"7a58c3d9-02af-487b-9fcb-c22a438d9726\",\"metadata\":{\"contentType\":\"Image\",\"license\":\"U\",\"title\":\"Statue of Liberty\"}},\"backgroundOpacity\":100,\"multiple\":false},{\"x\":36.075036075036074,\"y\":1.1363636363636362,\"width\":7.5131308513708515,\"height\":7.64719034026905,\"dropZones\":[\"2\",\"0\",\"1\",\"3\",\"4\",\"5\"],\"type\":{\"library\":\"H5P.Image 1.1\",\"params\":{\"contentName\":\"Image\",\"alt\":\"Grand Canyon\",\"file\":{\"path\":\"images\\\/file-5efcc87c6659d.jpg\",\"mime\":\"image\\\/jpeg\",\"copyright\":{\"license\":\"U\"},\"width\":125,\"height\":125}},\"subContentId\":\"9b0f9cfe-12ff-4de5-af0a-567b105ce2c3\",\"metadata\":{\"contentType\":\"Image\",\"license\":\"U\",\"title\":\"Grand Canyon\"}},\"backgroundOpacity\":100,\"multiple\":false},{\"x\":64.93506493506494,\"y\":1.1363636363636362,\"width\":7.5131308513708515,\"height\":7.5131308513708515,\"dropZones\":[\"3\",\"0\",\"1\",\"2\",\"4\",\"5\"],\"type\":{\"library\":\"H5P.Image 1.1\",\"params\":{\"contentName\":\"Image\",\"alt\":\"Mount Rushmore\",\"file\":{\"path\":\"images\\\/file-5efcca73d2cc0.jpg\",\"mime\":\"image\\\/jpeg\",\"copyright\":{\"license\":\"U\"},\"width\":125,\"height\":125}},\"subContentId\":\"eb400026-1a88-44c4-b745-0af93a53e385\",\"metadata\":{\"contentType\":\"Image\",\"license\":\"U\",\"title\":\"Mount Rushmore\"}},\"backgroundOpacity\":100,\"multiple\":false},{\"x\":7.2150072150072155,\"y\":1.3636363636363635,\"width\":7.5131308513708515,\"height\":7.5131308513708515,\"dropZones\":[\"4\",\"0\",\"1\",\"2\",\"3\",\"5\"],\"type\":{\"library\":\"H5P.Image 1.1\",\"params\":{\"contentName\":\"Image\",\"alt\":\"Niagara Waterfall\",\"file\":{\"path\":\"images\\\/file-5efccad5cb5cd.jpg\",\"mime\":\"image\\\/jpeg\",\"copyright\":{\"license\":\"U\"},\"width\":125,\"height\":125}},\"subContentId\":\"96980478-88db-4967-a5ad-2e93b44d1e68\",\"metadata\":{\"contentType\":\"Image\",\"license\":\"U\",\"title\":\"Niagara Waterfall\"}},\"backgroundOpacity\":100,\"multiple\":false},{\"x\":79.36507936507937,\"y\":1.3636363636363635,\"width\":7.5131308513708515,\"height\":7.5131308513708515,\"dropZones\":[\"5\",\"0\",\"1\",\"2\",\"3\",\"4\"],\"type\":{\"library\":\"H5P.Image 1.1\",\"params\":{\"contentName\":\"Image\",\"alt\":\"White House\",\"file\":{\"path\":\"images\\\/file-5efccb277ca04.jpg\",\"mime\":\"image\\\/jpeg\",\"copyright\":{\"license\":\"U\"},\"width\":125,\"height\":125}},\"subContentId\":\"0d92f44a-abc9-44e0-9b16-a6baf0890d9a\",\"metadata\":{\"contentType\":\"Image\",\"license\":\"U\",\"title\":\"White House\"}},\"backgroundOpacity\":100,\"multiple\":false}],\"dropZones\":[{\"x\":23.08802308802309,\"y\":26.136363636363633,\"width\":4.617604617604617,\"height\":4.617604617604617,\"correctElements\":[\"0\"],\"showLabel\":false,\"backgroundOpacity\":0,\"tipsAndFeedback\":{\"tip\":\"\"},\"single\":true,\"autoAlign\":false,\"label\":\"<div>Monte Rainier<\\\/div>\\n\"},{\"x\":76.47907647907648,\"y\":36.81818181818181,\"width\":4.987012987012987,\"height\":4.617604617604617,\"correctElements\":[\"1\"],\"showLabel\":false,\"backgroundOpacity\":0,\"tipsAndFeedback\":{\"tip\":\"\"},\"single\":true,\"autoAlign\":false,\"label\":\"<div>Est\\u00e1tua da Liberdade<\\\/div>\\n\"},{\"x\":32.03463203463203,\"y\":57.04545454545454,\"width\":4.987012987012987,\"height\":4.617604617604617,\"correctElements\":[\"2\"],\"showLabel\":false,\"backgroundOpacity\":0,\"tipsAndFeedback\":{\"tip\":\"\"},\"single\":true,\"autoAlign\":false,\"label\":\"<div>Grand Canyon<\\\/div>\\n\"},{\"x\":38.52813852813853,\"y\":45.22727272727273,\"width\":4.987012987012987,\"height\":4.617604617604617,\"correctElements\":[\"3\"],\"showLabel\":false,\"backgroundOpacity\":0,\"tipsAndFeedback\":{\"tip\":\"\"},\"single\":true,\"autoAlign\":false,\"label\":\"<div>Monte Rushmore<\\\/div>\\n\"},{\"x\":65.94516594516595,\"y\":41.81818181818181,\"width\":4.987012987012987,\"height\":4.617604617604617,\"correctElements\":[\"4\"],\"showLabel\":false,\"backgroundOpacity\":0,\"tipsAndFeedback\":{\"tip\":\"\"},\"single\":true,\"autoAlign\":false,\"label\":\"<div>Cachoeira do Niagara<\\\/div>\\n\"},{\"x\":68.97546897546898,\"y\":54.54545454545454,\"width\":4.987012987012987,\"height\":4.617604617604617,\"correctElements\":[\"5\"],\"showLabel\":false,\"backgroundOpacity\":0,\"tipsAndFeedback\":{\"tip\":\"\"},\"single\":true,\"autoAlign\":false,\"label\":\"<div>Casa Branca<\\\/div>\\n\"}]}},\"overallFeedback\":[{\"from\":0,\"to\":100}],\"behaviour\":{\"enableRetry\":true,\"enableCheckButton\":true,\"showSolutionsRequiresInput\":true,\"singlePoint\":false,\"applyPenalties\":true,\"enableScoreExplanation\":true,\"dropZoneHighlighting\":\"dragging\",\"autoAlignSpacing\":2,\"enableFullScreen\":false,\"showScorePoints\":true,\"showTitle\":true},\"grabbablePrefix\":\"Grabbable {num} of {total}.\",\"grabbableSuffix\":\"Placed in dropzone {num}.\",\"dropzonePrefix\":\"Dropzone {num} of {total}.\",\"noDropzone\":\"No dropzone.\",\"tipLabel\":\"Show tip.\",\"tipAvailable\":\"Tip available\",\"correctAnswer\":\"Correct answer\",\"wrongAnswer\":\"Wrong answer\",\"feedbackHeader\":\"Feedback\",\"scoreBarLabel\":\"You got :num out of :total points\",\"scoreExplanationButtonLabel\":\"Show score explanation\",\"localize\":{\"fullscreen\":\"Fullscreen\",\"exitFullscreen\":\"Exit fullscreen\"},\"a11yCheck\":\"Check the answers. The responses will be marked as correct, incorrect, or unanswered.\",\"a11yRetry\":\"Retry the task. Reset all responses and start the task over again.\"}","filtered":"{\"scoreShow\":\"Check\",\"tryAgain\":\"Retry\",\"scoreExplanation\":\"Correct answers give +1 point. Incorrect answers give -1 point. The lowest possible score is 0.\",\"question\":{\"settings\":{\"size\":{\"width\":1024,\"height\":650},\"background\":{\"path\":\"images\\\/background-5efca9681136d.jpg\",\"mime\":\"image\\\/jpeg\",\"copyright\":{\"license\":\"U\"},\"width\":1024,\"height\":650}},\"task\":{\"elements\":[{\"x\":21.645021645021647,\"y\":1.3636363636363635,\"width\":7.5131308513708515,\"height\":7.5131308513708515,\"dropZones\":[\"0\",\"1\",\"2\",\"3\",\"4\",\"5\"],\"type\":{\"library\":\"H5P.Image 1.1\",\"params\":{\"contentName\":\"Image\",\"file\":{\"path\":\"images\\\/file-5efcc9e10e04a.jpg\",\"mime\":\"image\\\/jpeg\",\"copyright\":{\"license\":\"U\"},\"width\":125,\"height\":125},\"alt\":\"Mount Rainier\"},\"subContentId\":\"84734e9e-d58b-4afb-8c37-140fad228521\",\"metadata\":{\"contentType\":\"Image\",\"license\":\"U\",\"title\":\"Mount Rainier\"}},\"backgroundOpacity\":100,\"multiple\":false},{\"x\":50.505050505050505,\"y\":1.1363636363636362,\"width\":7.5131308513708515,\"height\":7.5131308513708515,\"dropZones\":[\"1\",\"0\",\"2\",\"3\",\"4\",\"5\"],\"type\":{\"library\":\"H5P.Image 1.1\",\"params\":{\"contentName\":\"Image\",\"alt\":\"Statue of Liberty\",\"file\":{\"path\":\"images\\\/file-5efcc77ce52b8.jpg\",\"mime\":\"image\\\/jpeg\",\"copyright\":{\"license\":\"U\"},\"width\":125,\"height\":125}},\"subContentId\":\"7a58c3d9-02af-487b-9fcb-c22a438d9726\",\"metadata\":{\"contentType\":\"Image\",\"license\":\"U\",\"title\":\"Statue of Liberty\"}},\"backgroundOpacity\":100,\"multiple\":false},{\"x\":36.075036075036074,\"y\":1.1363636363636362,\"width\":7.5131308513708515,\"height\":7.64719034026905,\"dropZones\":[\"2\",\"0\",\"1\",\"3\",\"4\",\"5\"],\"type\":{\"library\":\"H5P.Image 1.1\",\"params\":{\"contentName\":\"Image\",\"alt\":\"Grand Canyon\",\"file\":{\"path\":\"images\\\/file-5efcc87c6659d.jpg\",\"mime\":\"image\\\/jpeg\",\"copyright\":{\"license\":\"U\"},\"width\":125,\"height\":125}},\"subContentId\":\"9b0f9cfe-12ff-4de5-af0a-567b105ce2c3\",\"metadata\":{\"contentType\":\"Image\",\"license\":\"U\",\"title\":\"Grand Canyon\"}},\"backgroundOpacity\":100,\"multiple\":false},{\"x\":64.93506493506494,\"y\":1.1363636363636362,\"width\":7.5131308513708515,\"height\":7.5131308513708515,\"dropZones\":[\"3\",\"0\",\"1\",\"2\",\"4\",\"5\"],\"type\":{\"library\":\"H5P.Image 1.1\",\"params\":{\"contentName\":\"Image\",\"alt\":\"Mount Rushmore\",\"file\":{\"path\":\"images\\\/file-5efcca73d2cc0.jpg\",\"mime\":\"image\\\/jpeg\",\"copyright\":{\"license\":\"U\"},\"width\":125,\"height\":125}},\"subContentId\":\"eb400026-1a88-44c4-b745-0af93a53e385\",\"metadata\":{\"contentType\":\"Image\",\"license\":\"U\",\"title\":\"Mount Rushmore\"}},\"backgroundOpacity\":100,\"multiple\":false},{\"x\":7.2150072150072155,\"y\":1.3636363636363635,\"width\":7.5131308513708515,\"height\":7.5131308513708515,\"dropZones\":[\"4\",\"0\",\"1\",\"2\",\"3\",\"5\"],\"type\":{\"library\":\"H5P.Image 1.1\",\"params\":{\"contentName\":\"Image\",\"alt\":\"Niagara Waterfall\",\"file\":{\"path\":\"images\\\/file-5efccad5cb5cd.jpg\",\"mime\":\"image\\\/jpeg\",\"copyright\":{\"license\":\"U\"},\"width\":125,\"height\":125}},\"subContentId\":\"96980478-88db-4967-a5ad-2e93b44d1e68\",\"metadata\":{\"contentType\":\"Image\",\"license\":\"U\",\"title\":\"Niagara Waterfall\"}},\"backgroundOpacity\":100,\"multiple\":false},{\"x\":79.36507936507937,\"y\":1.3636363636363635,\"width\":7.5131308513708515,\"height\":7.5131308513708515,\"dropZones\":[\"5\",\"0\",\"1\",\"2\",\"3\",\"4\"],\"type\":{\"library\":\"H5P.Image 1.1\",\"params\":{\"contentName\":\"Image\",\"alt\":\"White House\",\"file\":{\"path\":\"images\\\/file-5efccb277ca04.jpg\",\"mime\":\"image\\\/jpeg\",\"copyright\":{\"license\":\"U\"},\"width\":125,\"height\":125}},\"subContentId\":\"0d92f44a-abc9-44e0-9b16-a6baf0890d9a\",\"metadata\":{\"contentType\":\"Image\",\"license\":\"U\",\"title\":\"White House\"}},\"backgroundOpacity\":100,\"multiple\":false}],\"dropZones\":[{\"x\":23.08802308802309,\"y\":26.136363636363633,\"width\":4.617604617604617,\"height\":4.617604617604617,\"correctElements\":[\"0\"],\"showLabel\":false,\"backgroundOpacity\":0,\"tipsAndFeedback\":{\"tip\":\"\"},\"single\":true,\"autoAlign\":false,\"label\":\"<div>Monte Rainier<\\\/div>\\n\"},{\"x\":76.47907647907648,\"y\":36.81818181818181,\"width\":4.987012987012987,\"height\":4.617604617604617,\"correctElements\":[\"1\"],\"showLabel\":false,\"backgroundOpacity\":0,\"tipsAndFeedback\":{\"tip\":\"\"},\"single\":true,\"autoAlign\":false,\"label\":\"<div>Est\\u00e1tua da Liberdade<\\\/div>\\n\"},{\"x\":32.03463203463203,\"y\":57.04545454545454,\"width\":4.987012987012987,\"height\":4.617604617604617,\"correctElements\":[\"2\"],\"showLabel\":false,\"backgroundOpacity\":0,\"tipsAndFeedback\":{\"tip\":\"\"},\"single\":true,\"autoAlign\":false,\"label\":\"<div>Grand Canyon<\\\/div>\\n\"},{\"x\":38.52813852813853,\"y\":45.22727272727273,\"width\":4.987012987012987,\"height\":4.617604617604617,\"correctElements\":[\"3\"],\"showLabel\":false,\"backgroundOpacity\":0,\"tipsAndFeedback\":{\"tip\":\"\"},\"single\":true,\"autoAlign\":false,\"label\":\"<div>Monte Rushmore<\\\/div>\\n\"},{\"x\":65.94516594516595,\"y\":41.81818181818181,\"width\":4.987012987012987,\"height\":4.617604617604617,\"correctElements\":[\"4\"],\"showLabel\":false,\"backgroundOpacity\":0,\"tipsAndFeedback\":{\"tip\":\"\"},\"single\":true,\"autoAlign\":false,\"label\":\"<div>Cachoeira do Niagara<\\\/div>\\n\"},{\"x\":68.97546897546898,\"y\":54.54545454545454,\"width\":4.987012987012987,\"height\":4.617604617604617,\"correctElements\":[\"5\"],\"showLabel\":false,\"backgroundOpacity\":0,\"tipsAndFeedback\":{\"tip\":\"\"},\"single\":true,\"autoAlign\":false,\"label\":\"<div>Casa Branca<\\\/div>\\n\"}]}},\"overallFeedback\":[{\"from\":0,\"to\":100}],\"behaviour\":{\"enableRetry\":true,\"enableCheckButton\":true,\"showSolutionsRequiresInput\":true,\"singlePoint\":false,\"applyPenalties\":true,\"enableScoreExplanation\":true,\"dropZoneHighlighting\":\"dragging\",\"autoAlignSpacing\":2,\"enableFullScreen\":false,\"showScorePoints\":true,\"showTitle\":true},\"grabbablePrefix\":\"Grabbable {num} of {total}.\",\"grabbableSuffix\":\"Placed in dropzone {num}.\",\"dropzonePrefix\":\"Dropzone {num} of {total}.\",\"noDropzone\":\"No dropzone.\",\"tipLabel\":\"Show tip.\",\"tipAvailable\":\"Tip available\",\"correctAnswer\":\"Correct answer\",\"wrongAnswer\":\"Wrong answer\",\"feedbackHeader\":\"Feedback\",\"scoreBarLabel\":\"You got :num out of :total points\",\"scoreExplanationButtonLabel\":\"Show score explanation\",\"localize\":{\"fullscreen\":\"Fullscreen\",\"exitFullscreen\":\"Exit fullscreen\"},\"a11yCheck\":\"Check the answers. The responses will be marked as correct, incorrect, or unanswered.\",\"a11yRetry\":\"Retry the task. Reset all responses and start the task over again.\"}","slug":"map-test","embed_type":"div","disable":9,"content_type":null,"authors":"[]","source":null,"year_from":null,"year_to":null,"license":"U","license_version":null,"license_extras":null,"author_comments":null,"changes":"[]","default_language":null,"library_title":"H5P.DragQuestion","library_major_version":1,"library_minor_version":13}