{"id":16995,"title":"CoolVideos","project_id":8392,"order":1,"created_at":"2022-08-03T20:19:49.000000Z","updated_at":"2022-08-03T20:19:49.000000Z","deleted_at":null,"is_public":false,"elasticsearch":false,"shared":true,"activity_count":7,"activities":[{"id":63768,"playlist_id":16995,"title":"Dialogue","type":"h5p","content":"place_holder","shared":true,"order":4,"created_at":"2022-08-03T20:19:50.000000Z","updated_at":"2022-08-03T20:19:50.000000Z","deleted_at":null,"is_public":false,"h5p_content_id":56614,"thumb_url":"https:\/\/images.pexels.com\/photos\/5022849\/pexels-photo-5022849.jpeg?auto=compress&cs=tinysrgb&dpr=1&fit=crop&h=200&w=280","subject_id":null,"education_level_id":null,"elasticsearch":false,"user_id":null,"organization_id":null,"description":null,"source_type":null,"source_url":null,"organization_visibility_type_id":null,"cloned_from":null,"clone_ctr":0,"status":1,"indexing":null,"original_user":null,"activity_type":"ACTIVITY"},{"id":63769,"playlist_id":16995,"title":"Edx Demo","type":"h5p","content":"place_holder","shared":true,"order":3,"created_at":"2022-08-03T20:19:50.000000Z","updated_at":"2022-08-03T20:19:50.000000Z","deleted_at":null,"is_public":false,"h5p_content_id":56615,"thumb_url":"https:\/\/images.pexels.com\/photos\/5022849\/pexels-photo-5022849.jpeg?auto=compress&cs=tinysrgb&dpr=1&fit=crop&h=200&w=280","subject_id":null,"education_level_id":null,"elasticsearch":false,"user_id":null,"organization_id":null,"description":null,"source_type":"Youtube","source_url":"https:\/\/www.youtube.com\/watch?v=ZrSK-0-MQ8s&list=RDZrSK-0-MQ8s&start_radio=1","organization_visibility_type_id":null,"cloned_from":null,"clone_ctr":0,"status":1,"indexing":null,"original_user":null,"activity_type":"ACTIVITY"},{"id":63770,"playlist_id":16995,"title":"Kaltura","type":"h5p","content":"place_holder","shared":true,"order":6,"created_at":"2022-08-03T20:19:50.000000Z","updated_at":"2022-08-03T20:19:50.000000Z","deleted_at":null,"is_public":false,"h5p_content_id":56616,"thumb_url":"https:\/\/images.pexels.com\/photos\/5022849\/pexels-photo-5022849.jpeg?auto=compress&cs=tinysrgb&dpr=1&fit=crop&h=200&w=280","subject_id":null,"education_level_id":null,"elasticsearch":false,"user_id":null,"organization_id":null,"description":null,"source_type":"Kaltura","source_url":"https:\/\/cdnapisec.kaltura.com\/p\/4523213\/sp\/452321300\/playManifest\/entryId\/1_kpcszzrz\/format\/url\/protocol\/https","organization_visibility_type_id":null,"cloned_from":null,"clone_ctr":0,"status":1,"indexing":null,"original_user":null,"activity_type":"ACTIVITY"},{"id":63771,"playlist_id":16995,"title":"Sailing Good, Bad, and Ugly","type":"h5p","content":"place_holder","shared":true,"order":1,"created_at":"2022-08-03T20:19:50.000000Z","updated_at":"2022-08-03T20:19:50.000000Z","deleted_at":null,"is_public":false,"h5p_content_id":56617,"thumb_url":"https:\/\/images.pexels.com\/photos\/5022849\/pexels-photo-5022849.jpeg?auto=compress&cs=tinysrgb&dpr=1&fit=crop&h=200&w=280","subject_id":null,"education_level_id":null,"elasticsearch":false,"user_id":null,"organization_id":null,"description":null,"source_type":null,"source_url":null,"organization_visibility_type_id":null,"cloned_from":null,"clone_ctr":0,"status":1,"indexing":null,"original_user":null,"activity_type":"ACTIVITY"},{"id":63772,"playlist_id":16995,"title":"Sailing Uma","type":"h5p","content":"place_holder","shared":true,"order":2,"created_at":"2022-08-03T20:19:50.000000Z","updated_at":"2022-08-03T20:19:50.000000Z","deleted_at":null,"is_public":false,"h5p_content_id":56618,"thumb_url":"https:\/\/images.pexels.com\/photos\/5022849\/pexels-photo-5022849.jpeg?auto=compress&cs=tinysrgb&dpr=1&fit=crop&h=200&w=280","subject_id":null,"education_level_id":null,"elasticsearch":false,"user_id":null,"organization_id":null,"description":null,"source_type":null,"source_url":null,"organization_visibility_type_id":null,"cloned_from":null,"clone_ctr":0,"status":1,"indexing":null,"original_user":null,"activity_type":"ACTIVITY"},{"id":63773,"playlist_id":16995,"title":"VIZed iframe","type":"h5p","content":"place_holder","shared":true,"order":5,"created_at":"2022-08-03T20:19:50.000000Z","updated_at":"2022-08-03T20:19:50.000000Z","deleted_at":null,"is_public":false,"h5p_content_id":56619,"thumb_url":"https:\/\/images.pexels.com\/photos\/5022849\/pexels-photo-5022849.jpeg?auto=compress&cs=tinysrgb&dpr=1&fit=crop&h=200&w=280","subject_id":null,"education_level_id":null,"elasticsearch":false,"user_id":null,"organization_id":null,"description":null,"source_type":null,"source_url":null,"organization_visibility_type_id":null,"cloned_from":null,"clone_ctr":0,"status":1,"indexing":null,"original_user":null,"activity_type":"ACTIVITY"},{"id":63774,"playlist_id":16995,"title":"YOutube","type":"h5p","content":"place_holder","shared":true,"order":7,"created_at":"2022-08-03T20:19:50.000000Z","updated_at":"2022-08-03T20:19:50.000000Z","deleted_at":null,"is_public":false,"h5p_content_id":56620,"thumb_url":"https:\/\/images.pexels.com\/photos\/5022849\/pexels-photo-5022849.jpeg?auto=compress&cs=tinysrgb&dpr=1&fit=crop&h=200&w=280","subject_id":null,"education_level_id":null,"elasticsearch":false,"user_id":null,"organization_id":null,"description":null,"source_type":"Youtube","source_url":"https:\/\/www.youtube.com\/watch?v=ZrSK-0-MQ8s&list=RDZrSK-0-MQ8s&start_radio=1","organization_visibility_type_id":null,"cloned_from":null,"clone_ctr":0,"status":1,"indexing":null,"original_user":null,"activity_type":"ACTIVITY"}]}